NOME,lat,lon,UNIDADE,CONTATO,TELEFONE,ENDERECO,colors
CIDADE UNIVERSITÁRIA,-23.5589626,-46.7253949,USP,www.reitoria.usp.br,11 3091-3500,R. da Reitoria - 374 - 05508-220 - Butantã,red
FACULDADE DE DIREITO,-23.549848,-46.6368084,USP,www.direito.usp.br,11 3111-4000,Largo São Francisco - 95 - 01005-010 - Centro,red
FACULDADE DE MEDICINA,-23.555070800000003,-46.6718166,USP,www.imt.usp.br,11 3061-7011,Av. Dr. Enéas Carvalho de Aguiar - 470 - 05403-000 - Jardim America,red
LESTE,-23.4821149,-46.499553799999994,USP,www.uspleste.usp.br/,11 3091-1024,Rua Arlindo Béttio - 1000 - 03828-000 - Vila Guaraciaba,red
BAURU,-22.3347616,-49.0583524,USP,www.bauru.usp.br,14 3235-8000,Alameda Dr. Octávio Pinheiro Brisolla - 9-75 - 17012-901 - Vila Universitária,red
LORENA I,-22.6973221,-45.11875,USP,site.eel.usp.br,12 3159-5000,Estrada Municipal do Campinho - s/n - 12602-810 - Estr. Estadual,red
LORENA II,-22.767349499999998,-45.101525200000005,USP,site.eel.usp.br,12 3159-9900,Pólo-Urbo Industrial - s/nº - 12602-810 - Gleba AI-6,red
PIRACICABA,-22.7151455,-47.6291783,USP,www.pusplq.usp.br/,19 3429-4380,Avenida Pádua Dias - 11 - 13418-260 - Agronomia,red
PIRASSUNUNGA,-21.9590415,-47.467296000000005,USP,www.usp.br/pcaps,19 3565-4000,Av. Duque de Caxias Norte - 225 - 13635-900 - Caixa Postal 23,red
RIBEIRÃO PRETO,-21.172511399999998,-47.846015,USP,www.ribeirao.usp.br,16 3315-3500,"Rua Monte Alegre - 3900 - 14040-900 - Campus da Usp, Ribeirão Preto",red
SÃO CARLOS I,-22.0033158,-47.8984067,USP,www.saocarlos.usp.br,16 3373-9997,Av. Trab. São Carlense - 400 - 13566-590 - Parque Arnold Schimidt,red
SÃO CARLOS II,-22.0048915,-47.9305012,USP,www.ifsc.usp.br,16 3373-9840,Avenida João Dagnone - 1100 - 13563-120 - Jardim Santa Angelina,red
BAIXADA SANTISTA,-23.947169,-46.3193528,UNIFESP,www.unifesp.br,13 3229-0100,R. Silva Jardim - 136 - 11015-021 - Vila Matias,red
JOSÉ DE FILIPPI - DIADEMA,-23.719322100000003,-46.6278675,UNIFESP,www.unifesp.br,11 4044-0500,R. Prof. Artur Riedel - 275 - 09972-270 - Jd. Eldorado,red
GUARULHOS,-23.439633800000003,-46.40414439999999,UNIFESP,www.unifesp.br,11 5576-4848,Estr. do Caminho Velho - 333 - 07252-312 - Jardim Nova Cidade,red
OSASCO,-23.537748,-46.7888751,UNIFESP,www.unifesp.br,11 2284-6900,R. Angélica - 100 - 06132-380 - Jd. das Flores,red
PARQUE TECNOLÓGICO,-23.1634294,-45.7945018,UNIFESP,www.unifesp.br,11 5576-4848,Av. Cesare Monsueto Giulio Lattes - 1211 - 12231-280 - Jardim Santa Ines I,red
ESCOLA PAULISTA DE MEDICINA - SÃO PAULO,-23.5977115,-46.6433247,UNIFESP,www.epm.br,11 5579-6700,"R. Botucatu - 720 - 04023-062 - Vila Clementino,",red
ZONA LESTE,-23.524800600000003,-46.457142600000005,UNIFESP,https://www.unifesp.br,11 5579-6700,"Avenida Jacu-Pêssego - 2630 - 08260-005 - Vila Jacui,",red
TALIM,-23.2156517,-45.8870152,UNIFESP,www.unifesp.br,11 5576-4848,R. Talim - 330 - 04021-001 - Vila Nair,red
CACHOEIRA,-22.377837,-46.898081,Faculdade Franco Montoro,www.fmpfm.edu.br,19 3861-6225,Rua dos Estudantes - s/n - 13840-000 - Cachoeira de Cima,red
CLÍNICA ESCOLA,-22.3709277,-46.9416109,Faculdade Franco Montoro,fmpfm.edu.br,19 3818-1396,R. Nicolau Falsetti - 55 - 13840-052 - Centro,red
FEG,-22.3789427,-46.8976027,Faculdade Franco Montoro,fmpfm.edu.br,19 3861-6606,R. Mun. Cachoeira de Cima - 21 - 13840-000 - Centro,red
FUNVIC,-21.4884711,-47.0098839,Faculdades da Fundação de Ensino de Mococa,www.fafem.com.br,19 3656-5516,Av. Monsenhor Demóstenes Pontes - 2131 - 13736-260 - Jd. São José,red
FREA,-23.0978582,-48.9259903,FACULDADES INTEGRADAS REGIONAIS DE AVARÉ,www.frea.edu.br,14 3711-1828,Praça Pref. Romeu Bretas - 163 - 18700-090 - Centro,red
FEMA,-22.6439502,-50.4209941,Fundação Educacional do Município de Assis,www.fema.edu.br,18 3302-1055,Avenida Getúlio Vargas - 1200 - 19807-130 - Vila Nova Santana,red
IMESB,-20.938473000000002,-48.50237,INSTITUTO MUNICIPAL DE ENSINO SUPERIOR DE BEBEDOURO VICTÓRIO CARDASSI,www.imesb.br,17 3345-9366,R. Nelson Domingos Madeira - 300 - 14706-124 - Parque Eldorado,red
IMESSM,-22.7315348,-48.6109485,Instituto Municipal de Ensino Superior de São Manuel,www.imessm.edu.br,14 3841-3766,R. Quintino Bocaiúva - s/n - 18655-000 - Aparecida de São Manuel,red
BARCELONA,-23.625038,-46.548389,Universidade Municipal de São Caetano do Sul,www.uscs.edu.br,11 4239-3200,Av. Goiás - 3400 - 09550-051 - Barcelona,red
USCS - CENTRO,-23.609318899999998,-46.573601000000004,Universidade Municipal de São Caetano do Sul,www.uscs.edu.br,11 4239-3200,R. Santo Antonio - 50 - 09521-160 - Centro,red
USCS - CONCEIÇÃO,-23.6178928,-46.578924799999996,Universidade Municipal de São Caetano do Sul,www.uscs.edu.br,11 4228-5346,R. Conceição - 321 - 09530-060 - Santo Antônio,red
USCS - LATO SENSU,-23.6150204,-46.5728179,Universidade Municipal de São Caetano do Sul,www.posuscs.com.br,11 4226-7215,R. Manoel Coelho - 600 - 09510-101 - Centro,red
FCL,-21.813503100000002,-48.2001808,UNESP,www.fclar.unesp.br,16 3334-6100,Rod. Araraquara-Jaú Km 1 - s/n - 14800-901 - Machados,red
USCS - BELA VISTA,-23.5591717,-46.646281099999996,Universidade Municipal de São Caetano do Sul,www.uscs.edu.br,11 4226-7215,R. Treze de Maio - 681 - 01327-000 - Bela Vista,red
USCS - FARMÁCIA-ESCOLA,-23.609318899999998,-46.573601000000004,Universidade Municipal de São Caetano do Sul,www.uscs.edu.br,11 4239-3200,R. Santo Antonio - 50 - 09521-160 - Centro,red
UNIFAE,-21.9648944,-46.7915537,CENTRO UNIVERSITÁRIO DAS FACULDADES ASSOCIADAS DE ENSINO,www.fae.br,19 3638-0240,Largo Engenheiro Paulo de Almeida Sandeville - 15 - 13870-377 - Jardim Santo Andre,red
EPP,-22.6990789,-47.6511511,Escola de Engenharia de Piracicaba -,www.fumep.edu.br,19 3412-1100,Av. Monsenhor Martinho Salgot - 560 A - 3414-040 - Areião,red
ESEF,-23.1937908,-46.8955573,Escola Superior de Educação Física de Jundiaí,esef.br,11 4805-7955,R. Rodrigo Soares de Oliveira - 1 - 13208-120 - Anhangabaú,red
FITO,-23.5375427,-46.790809,Fundação Instituto Tecnológico de Osasco,www.fito.edu.br,11 3652-3035,"R. Camélia, - 26 - 06110-300 - Jardim das Flores",red
FAESB,-22.945799899999997,-46.527113,Faculdade de Ciencias e Letras de Braganca Paulista,www.fesb.br,12910-690,Alameda Quinze de Dezembro - 465 - 12910-690 - Matadouro,red
FATEB,-21.286745899999996,-50.339394399999996,Faculdade de Ciências e Tecnologia de Birigui,www.fateb.br,18 3649-2200,R. Antônio Simões - 4 - 16200-000 - Centro,red
FDSBC,-23.6888792,-46.557754100000004,Faculdade de Direito de São Bernardo do Campo,www.direitosbc.br,11 3927-0222,R. Java - 425 - 09750-650 - Jardim do Mar,red
FEUC,-21.600166899999998,-46.8930253,"Faculdade de Filosofia, Ciências e Letras de São José do Rio Pardo",www.feucriopardo.edu.br,19 3608-4704,R. Jorge Tibiriçá - 451 - 13720-000 - Centro,red
FAIBI,-21.752708,-48.8329,Faculdade de Ibitinga,www.faibi.com.br,16 3352-9130,R. Roque Raineri - 81 - 14940-000 - Jd. Centenário,red
FMJ,-23.200405800000002,-46.8772962,Faculdade de Medicina de Jundiaí,fmj.br,11 3395-2100,R. Francisco Teles - 250 - 13202-550 - Vila Arens II,red
UNICAMP,-22.8184393,-47.0647206,Unicamp,www.unicamp.br,19 3521-7000,Cidade Universitária Zeferino Vaz - s/n - 13083-970 - Cidade Universitária,red
FOA,-21.2088815,-50.4289197,UNESP,www.foa.unesp.br,18 3636-3200,"R. José Bonifácio - 1193 - 16015-050 - Vila Mendonca,",red
FMV,-21.186787600000002,-50.439136299999994,UNESP,www.fmva.unesp.br,18 3636-1400,R. Clóvis Pestana - 793 - 16050-680 - Dona Amelia,red
FCLA,-22.649046300000002,-50.435830200000005,UNESP,www.assis.unesp.br,18 3302-5800,Av. Dom Antônio - 2100 - 19806-900 - Parque Universitario,red
BAURU,-22.3495359,-49.0314016,UNESP,www.bauru.unesp.br,14 3103-6000,"Av. Eng. Luís Edmundo Carrijo Coube - 14-01 - 17033-360 - Nucleo Res. Pres. Geisel,",red
FMB,-22.8911069,-48.4943054,UNESP,www.fmb.unesp.br,14 3880-1001,Av. Prof. Montenegro - s/n - 18618-687 - Distrito de Botucatu,red
FCAT,-21.462165,-51.554753000000005,UNESP,www.dracena.unesp.br,18 3821-8200,Rod. Cmte João Ribeiro de Barros - km 651 - 17900-000 - Bairro das Antas,red
FRANCA,-20.5113393,-47.3863658,UNESP,www.franca.unesp.br,55 16 3706-8700,"Av. Eufrásia Monteiro Petráglia - 900 - 14409-160 - Jardim Dr. Antonio Petraglia, Franca",red
GUARATINGUETÁ,-22.803458,-45.191474299999996,UNESP,www2.feg.unesp.br,12 3123-2800,Av. Dr. Ariberto Pereira da Cunha - 333 - 12516-410 - Portal das Colinas,red
ILHA SOLTEIRA,-20.430082100000003,-51.3390972,UNESP,www.unesp.br,18 3743-1158,Alameda Bahia - 550 - 15385-000 - centro,red
ITAPEVA,-23.981165,-48.883243,UNESP,www.itapeva.unesp.br,15 3524-9100,Rua Geraldo Alckmin - 519 - 18409-010 - Vila Nossa Sra. de Fatima,red
FCAV,-21.243999399999996,-48.2930851,UNESP,www.fcav.unesp.br,16 3209-7100,Via de Acesso Prof. Paulo Donato Castelane - s/n - 14884-900 - Jaboticabal,red
CPL,-23.971158499999998,-46.3946092,UNESP,www.clp.unesp.br,13 3569-7100,Praça Infante Dom Henrique - s/n - 11330-900 - Parque Bitaru,red
MARÍLIA,-22.2331475,-49.969174100000004,UNESP,www.unesp.br,14 3402-1300,Av. Higino Muzi Filho - 737 - 17525-900 - Mirante,red
OURINHOS,-22.9991189,-49.84387,UNESP,www.ourinhos.unesp.br,14 3302-9500,Avenida Renato Costa Lima - 451 - 19903-302 - Ville de France,red
FCT,-22.1070922,-51.3872013,UNESP,www.fct.unesp.br,19020-350,Av. Ademar de Barros - 908-936 - 19020-350 - Jardim Aviação,red
REGISTRO,-24.5014746,-47.851757,UNESP,www.registro.unesp.br,13 3828-2900,Av. Nelson Brihi Badur - 430 - 11900-000 - Vila Tupy,red
RIO CLARO,-22.3957861,-47.5469882,UNESP,www.rc.unesp.br,19 3526-4134,Av. 24 A - 1515 - 13506-700 - Bela Vista,red
UNESP ROSANA,-22.522626000000002,-52.95129,UNESP,www.rosana.unesp.br,18 3284-9600,Av. dos Barrageiros - 1881 - 19273-000 - Primavera,red
SJBV,-21.997874,-46.792821,UNESP,www.sjbv.unesp.br,19 3638-2400,Av. Profa. Isette Corrêa Fontão - 505 - 13876-750 - Jardim das Flores,red
IBILCE,-20.7851971,-49.3597545,UNESP,www.unesp.br,17 3221-2200,"R. Cristóvão Colombo, - 2265 - 15054-000 - Jardim Nazareth",red
INSTITUTO DE ARTES,-23.5238975,-46.6676638,UNESP,www.ia.unesp.br,11 3393-8530,R. Dr. Bento Teobaldo Ferraz - 271 - 01140-070 - Barra Funda,red
IFT,-23.524277899999998,-46.6654425,UNESP,www.ift.unesp.br,01140-070,R. Dr. Bento Teobaldo Ferraz - 271 - 01140-070 - Várzea da Barra Funda,red
IPPRI,-23.549890899999998,-46.6343716,UNESP,www.ippri.unesp.br,11 3116-1800,"Praça da Sé - 108, 3º e 4º andares - 01006-001 - Sé",red
SOROCABA,-23.4793586,-47.417244200000006,UNESP,www.sorocaba.unesp.br,15 3238-3409,Av. Três de Março - 511 - 18087-180 - Aparecidinha,red
TUPÃ,-21.9281832,-50.4922789,UNESP,www.tupa.unesp.br,14 3404-4200,R. Domingos da Costa Lopes - 780 - 17602-496 - Jardim Itaipu,red
IFSP ARARAQUARA,-21.7839127,-48.210961100000006,Instituto Federal,arq.ifsp.edu.br,16 3303-2332,Rua Doutor Aldo Benedito Pierri - 250 - 14801-600 - Jardim dos Manacas,red
IFSP AVARÉ,-23.078456,-48.926257,Instituto Federal,avr.ifsp.edu.br,55 14 3731-0300,Av. Prof. Célso Ferreira da Silva - s/n - 18707-150 - Jardim Europa II,red
IFSP  BARRETOS,-20.540775,-48.549430799999996,Instituto Federal,www.ifsp.edu.br,17 3312-0700,Avenida C-1 - 250 - 14781-502 - Bairro Ide Daher,red
IFSP BIRIGUI,-21.2495184,-50.3135536,Instituto Federal,www.ifsp.edu.br,18 3643-1160,Rua Pedro Cavalo - 709 - 16201-407 - Residencial Portal da Pérola II,red
IFSP BOITUVA,-23.288399,-47.652209,Instituto Federal,btv.ifsp.edu.br,15 3363-8610,R. Zélia de Lima Rosa - 100 - 18550-000 - Portal dos Pássaros,red
IFSP BRAGANÇA PAULISTA,-22.9486697,-46.558679999999995,Instituto Federal,bra.ifsp.edu.br,4034-7800,Av. Maj. Fernando Valle - 2013 - 12903-000 - São Miguel,red
IFSP / AMARAIS - CAMPUS CAMPINAS,-22.8521063,-47.1273162,Instituto Federal,www.cmp.ifsp.edu.br,19 3746-6128,CTI Renato Archer - Av. Comendador Aladino Selmi - s/n - 13069-901 - Amarais,red
IFSP CAMPUS CAMPOS DO JORDÃO,-22.7428497,-45.5924143,Instituto Federal,www.ifspcjo.edu.br,12 3668-9620,Rua Monsenhor José Vita - 280 - 12460-000 - Abernéssia,red
IFSP CAPIVARI,-22.9766924,-47.473319000000004,Instituto Federal,www.ifspcapivari.com.br,19 2146-6700,Avenida Doutor Ênio Pires de Camargo - 2971 - 13360-000 - São João Batista,red
IFSP CARAGUATATUBA,-23.636885,-45.425909000000004,Instituto Federal,www.ifspcaraguatatuba.edu.br,12 3885-2130,Av. Bahia - 1739 - 11665-071 - Indaiá,red
IFSP CATANDUVA,-21.146911,-48.9462636,Instituto Federal,ctd.ifsp.edu.br,17 3524-9710,Av. Pastor José Dutra de Moraes - 239 - 15808-305 - Distrito Industrial,red
IFSP CUBATÃO,-23.9283997,-46.4123488,Instituto Federal,www.federalcubatao.com.br,13 3346-5300,R. Maria Cristina - 50 - 11533-160 - Casqueiro,red
IFSP GUARULHOS,-23.4392016,-46.5374154,Instituto Federal,www.ifspguarulhos.edu.br,11 2304-4250,"Av. Salgado Filho - 3501 - 07115-000 - Centro, Guarulhos",red
IFSP HORTOLÂNDIA,-22.8511083,-47.2310911,Instituto Federal,hto.ifsp.edu.br,19 3865-8070,Av. Thereza Ana Cecon Breda - S/N - 13183-250 - Vila Sao Pedro,red
IFSP ILHA SOLTEIRA,-20.4209035,-51.333251700000005,Instituto Federal,ist.ifsp.edu.br,18 3748-8300,Alameda Tucuruí - 164 - 15385-000 - Ilha Solteira,red
IFSP ITAPETININGA,-23.5938174,-48.0185491,Instituto Federal,www.ifsp.edu.br,15 3376-9930,Av. João Olímpio de Oliveira - 1561 - 18202-000 - Vila Asem,red
IFSP  ITAQUAQUECETUBA,-23.485333899999997,-46.34239829999999,Instituto Federal,itq.ifsp.edu.br,11 98614-1607,R. Primeiro de Maio - 500 - 08571-050 - Estação,red
IFSP JACAREÍ,-23.3170848,-45.9836499,Instituto Federal,jcr.ifsp.edu.br,12 2128-5200,R. Antônio Fogaça de Almeida - 200 - 12322-030 - Jardim America,red
IFSP JUNDIAÍ,-23.1920984,-46.8776417,Instituto Federal,jnd.ifsp.edu.br,11 2448-8500,Av. Dr. Cavalcanti - 396 - 13215-010 - Centro,red
IFSP MATÃO,-21.624281,-48.3480814,Instituto Federal,mto.ifsp.edu.br,16 3506-0700,R. Estéfano D'avassi - 625 - 15991-502 - Nova Cidade,red
IFSP PIRACICABA,-22.6935704,-47.6252509,Instituto Federal,prc.ifsp.edu.br,19 3412-2700,Rua Diácono Jair de Oliveira - 1005 - 13414-155 - Santa Rosa,red
IFSP PIRITUBA,-23.4870045,-46.7359686,Instituto Federal,ptb.ifsp.edu.br,11 98614-0334,Av. Mutinga - 950 - 05110-000 - Jardim Libano,red
IFSP PRESIDENTE EPITÁCIO,-21.785427399999996,-52.1114539,Instituto Federal,pep.ifsp.edu.br,18 3281-9599,Rua José Ramos Júnior - 27-50 - 19470-000 - Jardim Tropical,red
IFSP REGISTRO,-24.533191600000002,-47.8691479,Instituto Federal,rgt.ifsp.edu.br,13 3828-2020,Av. Clara Gianotti de Souza - 5180 - 11900-000 - Bairro Agrochá,red
IFSP SALTO,-23.1964349,-47.3021027,Instituto Federal,slt.ifsp.edu.br,11 4602-9191,R. Rio Branco - 1780 - 13320-271 - Vila Teixeira,red
IFSP SÃO CARLOS,-21.9694546,-47.878171200000004,Instituto Federal,scl.ifsp.edu.br,16 3351-9458,"Rodovia Washington Luís - km 235, S/N - 13565-905 - Monjolinho",red
IFSP SÃO JOÃO DA BOA VISTA,-21.967168,-46.812737,Instituto Federal,sbv.ifsp.edu.br,19 3634-1100,Av Marginal - 585 - 13871-298 - Fazenda Nossa Senhora Aparecida do Jaguari,red
IFSP SÃO JOSÉ DOS CAMPOS,-23.1914063,-45.8502623,Instituto Federal,sjc.ifsp.edu.br,12 3901-4440,"Rodovia Presidente Dutra, Km 145 - s/n - 12230-002 - Jardim Diamante",red
IFSP SÃO MIGUEL PAULISTA,-23.4987794,-46.4390699,Instituto Federal,smp.ifsp.edu.br,11 2032-5416,R. Ten. Miguel Délia - 105 - 08021-090 - São Miguel Paulista,red
IFSP SÃO PAULO,-23.523877600000002,-46.622347999999995,Instituto Federal,spo.ifsp.edu.br,11 2763-7520,R. Pedro Vicente - 625 - 01109-010 - Canindé,red
IFSP CAMPUS SÃO ROQUE,-23.555122,-47.149617,Instituto Federal,srq.ifsp.edu.br,11 4719-9500,Rodovia Prefeito Quintino de Lima - 2100 - 18145-090 - Paisagem Colonial,red
IFSP SOROCABA,-23.488514000000002,-47.444493,Instituto Federal,sor.ifsp.edu.br,15 3321-0010,R. Maria Cinto de Biaggi - 130 - 18095-410 - Jardim Santa Rosália,red
IFSP SERTÃOZINHO,-21.1432954,-47.97298189999999,Instituto Federal,srt.ifsp.edu.br,16 3946-1170,R. Américo Ambrósio - 269 - 14169-263 - Jardim Canaa,red
IFSP SUZANO,-23.535609899999997,-46.3268156,Instituto Federal,szn.ifsp.edu.br,11 2146-1800,Av. Mogi das Cruzes - 1501 - 08673-010 - Parque Suzano,red
IFSP TUPÃ,-21.9233807,-50.521895,Instituto Federal,tup.ifsp.edu.br,14 3404-3551,Av. dos Universitários - 145 - 17607-220 - Jardim Ipiranga,red
IFSP VOTUPORANGA,-20.4040907,-49.9684089,Instituto Federal,vtp.ifsp.edu.br,17 3426-6990,Av. Jerônimo Figueira da Costa - 3014 - 15503-110 - Pozzobon,red
UFSCAR SÃO CARLOS,-21.984144600000004,-47.8802454,Instituto Federal,www.ufscar.br,16 3351-8111,Rodovia Washington Luís - s/n - 13565-905 - São Carlos,red
UFSCAR ARARAS,-22.311497600000003,-47.3847851,Instituto Federal,www.cca.ufscar.br,19 3543-2600,Rodovia Anhanguera - Km 174 - 13604-900 - Zona Rural,red
UFSCAR SOROCABA,-23.580077,-47.524205200000004,UFSCAR,https://universidade-aberta-ufscar-sorocaba.negocio.site/,15 3229-6000,Rodovia João Leme dos Santos - SP-264 - 18052-780 - Itinga,red
UFSCAR LAGOA DO SINO,-23.599448300000002,-48.5296291,UFSCAR,www.lagoadosino.ufscar.br,15 3256-9000,Rodovia Lauri Simões de Barros - km 12 - 18290-000 - Aracaçú,red
INSTITUTO TECNOLÓGICO DE AERONÁUTICA,-23.2108714,-45.875305499999996,ITA,www.ita.br,12 3947-6925,Praça Marechal Eduardo Gomes - 50 - 12228-900 - Vila das Acacias,red
UFABC SANTO ANDRÉ,-23.644495000000003,-46.528175,UFABC,www.ufabc.edu.br,11 4996-0001,Av. dos Estados - 5001 - 09210-580 - Bangú,red
UFABC  SÃO BERNARDO DO CAMPO,-23.6768054,-46.56404439999999,UFABC,www.ufabc.edu.br,11 2320-6120,Rua Gleise Nana - 3 - 09608-030 - Anchieta,red
FACULDADE DE TECNOLOGIA DE ADAMANTINA,-21.6889980548574,-51.0657663875934,-,http://www.fatec.edu.br/adamantina/,,Rua Paraná - 400 - CEP: 17800-000 - Jardim Brasil,red
FACULDADE DE TECNOLOGIA DE AMERICANA (FATEC-AM),-23.6956191,-46.5469041,FATEC-AM,www.fatec.edu.br,,Rua Emílio de Menezes - s/n - CEP: 13469-111 - Vila Amorim,red
FACULDADE DE TECNOLOGIA DE ARAÇATUBA (FATEC ARAÇATUBA),-21.1814981,-50.4497096,FATEC Araçatuba,www.fatecaracatuba.edu.br,,Avenida Prestes Maia - 1764 - CEP: 16052-045 - Ipanema,red
FACULDADE DE TECNOLOGIA DE ARARAQUARA (FATEC ARQ),-21.7735451,-48.136589,FATEC ARQ,www.fatecararaquara.edu.br,,Rua Precide Scarpino Martim - 126 - CEP: 14811-373 - Jardim Santa Clara (Vila Xavier),red
FACULDADE DE TECNOLOGIA DE ARARAS,-22.3554176,-47.3340543,-,www.fatecararas.com.br,,Rua Jarbas Leme de Godoy - 875 - CEP: 13606-389 - Jardim José Ometto II,red
FACULDADE DE TECNOLOGIA DE ASSIS (FATEC ASSIS),-22.6472145,-50.4377250999999,FATEC Assis,www.fatecassis.edu.br,,Unesp - Campus Assis - 2100 - CEP: 19806-900 - Parque Universitário,red
FACULDADE DE TECNOLOGIA DE BARUERI (FATEC BARUERI),-23.5080205,-46.8644651,Fatec Barueri,www.fatecbarueri.edu.br,,Avenida Carlos Capriotti - 123 - CEP: 06401-136 - Centro,red
FACULDADE DE TECNOLOGIA DE BAURU (FATEC),-23.6956191,-46.5469041,FATEC,www.fatecbauru.edu.br,,Rua Manoel Bento da Cruz - 30 - CEP: 17015-171 - Centro,red
FACULDADE DE TECNOLOGIA DE BOTUCATU (FATEC BT),-22.9302344,-48.4602885,FATEC BT,www.fatecbt.edu.br,,Avenida José Ítalo Bachi - s/n - CEP: 18606-855 - Jardim Aeroporto,red
FACULDADE DE TECNOLOGIA DE BRAGANÇA PAULISTA,-22.9226007,-46.5458992,-,www.fatecbpaulista.edu.br,,Rua das Indústrias - 130 - CEP: 12926-674 - Uberaba,red
FACULDADE DE TECNOLOGIA DE CAMPINAS (FATEC CAMPINAS),-22.8621273,-47.0990599,FATEC CAMPINAS,http://www.fateccampinas.com.br/,,Avenida Cônego Antônio Rocato - KM 3.5 - CEP: 13082-015 - Chácaras Campos dos Amarais,red
FACULDADE DE TECNOLOGIA DE CAPÃO BONITO (FATEC-CB),-23.9900398,-48.3352203,FATEC-CB,www.fateccb.edu.br,,Avenida Péricles de Freitas - 296 - CEP: 18304-750 - Terras do Imbiruçu,red
FACULDADE DE TECNOLOGIA DE CARAPICUIBA (FATEC),-23.5171833,-46.8354988,FATEC,www.fateccarapicuiba.edu.br,,Avenida Francisco Pignatari - 650 - CEP: 06310-390 - Vila Gustavo Correia,red
FACULDADE DE TECNOLOGIA DE CATANDUVA (FATEC CATANDUVA),-21.1382472,-48.9743569,FATEC Catanduva,www.fateccatanduva.edu.br,,Rua Maranhão - 898 - CEP: 15800-020 - Centro,red
FACULDADE DE TECNOLOGIA DE COTIA (FATEC COTIA),-23.5998172,-46.9233702999999,FATEC COTIA,http://www.fateccotia.edu.br/,,Rua Nelson Raineri - 700 - CEP: 06702-155 - Recanto Vista Alegre,red
FACULDADE DE TECNOLOGIA DE DIADEMA LUIGI PAPAIZ (FATEC DIADEMA),-23.6736289,-46.618921,FATEC DIADEMA,http://www.fatecdiadema.com.br/,,Avenida Luiz Merenda - 503 - CEP: 09931-390 - Campanário,red
FACULDADE DE TECNOLOGIA DE FERRAZ DE VASCONCELOS,-23.5421853,-46.3671204,-,http://fatecferraz.edu.br/,,Rua Carlos de Carvalho - 200 - CEP: 08545-120 - Jardim São João,red
FACULDADE DE TECNOLOGIA DE FRANCO DA ROCHA,-23.3361627,-46.7225314,-,,,Rodovia Luiz Salomão Chama - 41 - CEP: 07857-050 - Vila Ramos,red
FACULDADE DE TECNOLOGIA DE GARÇA (FATECGA),-22.2335171,-49.6439629,FATECGA,www.fatecgarca.edu.br,,Av. Presidente Vargas - 2331 - CEP: 17400-000 - Vila José Ribeiro,red
FACULDADE DE TECNOLOGIA DE GUARATINGUETÁ (FATEC GT),-22.7858148,-45.1810546,FATEC GT,www.fatecguaratingueta.edu.br,,Avenida Professor João Rodrigues Alckimin - 1501 - CEP: 12517-010 - Jardim Esperança,red
FACULDADE DE TECNOLOGIA DE GUARULHOS (FATEC GR),-23.4662695,-46.5295190999999,FATEC GR,www.fatecguarulhos.edu.br,,Rua João Gonçalves - 511 - CEP: 07010-010 - Centro,red
FACULDADE DE TECNOLOGIA DE INDAIATUBA (FATEC-ID),-23.0859612,-47.2025848,FATEC-ID,www.fatecindaiatuba.edu.br,,Rua Dom Pedro I - 65 - CEP: 13334-100 - Cidade Nova I,red
FACULDADE DE TECNOLOGIA DE ITAPETININGA - PROF.ANTÔNIO BELIZANDRO BARBOSA REZENDE (FATEC - ITAPETININGA),-23.6001033,-48.0514259,Fatec - Itapetininga,www.fatecitapetininga.edu.br,,Rua João Vieira Camargo - 104 - CEP: 18205-600 - Vila Barth,red
FACULDADE DE TECNOLOGIA DE ITAPIRA (FATEC ITAPIRA),-22.4310779,-46.834526,FATEC Itapira,www.fatecitapira.edu.br,,Rua Tereza Lera Paoletti - 590 - CEP: 13974-080 - Jardim Bela Vista,red
FACULDADE DE TECNOLOGIA DE ITAQUAQUECETUBA (FATEC ITAQUA),-23.483756,-46.368992,Fatec Itaqua,www.fatecitaqua.edu.br,,Av. Itaquaquecetuba - 711 - CEP: 08500-000 - Vila Monte Belo,red
FACULDADE DE TECNOLOGIA DE ITAQUERA (FATEC ITAQUERA),-23.5450592,-46.4680615,FATEC ITAQUERA,http://www.fatecitaquera.edu.br,,Avenida Miguel Ignácio Curi - s/n - CEP: 08295-005 - Vila Carmosina,red
FACULDADE DE TECNOLOGIA DE ITATIBA (FATEC ITATIBA),-22.9959046,-46.8469592,Fatec Itatiba,http://www.fatecdeitatiba.edu.br,,Rua Daniel Peçanha de Moraes - 220 - CEP: 13251-140 - Jardim Salessi,red
FACULDADE DE TECNOLOGIA DE JACAREÍ (FATEC JACAREÍ),-23.2950132,-45.96655,FATEC Jacareí,www.fatecjacarei.com.br,,Avenida Faria Lima - 155 - CEP: 12328-070 - Jardim Santa Maria,red
FACULDADE DE TECNOLOGIA DE JAHU (FATEC-JAHU),-22.3143979,-48.5481977,FATEC-JAHU,www.fatecjahu.edu.br,,Rua Frei Galvão - S/N - CEP: 17212-599 - JARDIM PEDRO OMETTO,red
FACULDADE DE TECNOLOGIA DE JALES (FATEC JALES),-20.2762413,-50.540596,Fatec Jales,www.fatecjales.edu.br,,Rua Vicente Leporace - 2630 - CEP: 15703-116 - Jardim Trianon,red
FACULDADE DE TECNOLOGIA DE JUNDIAÍ (FATEC/JD),-23.1814575,-46.8829765,FATEC/JD,www.fatecjd.edu.br,,Avenida União dos Ferroviários - 1760 - CEP: 13201-160 - Centro,red
FACULDADE DE TECNOLOGIA DE MATÃO,-21.624281,-48.3480814,-,,,Avenida Habib Gabriel - 1360 - CEP: 15990-539 - Residencial das Acácias,red
FACULDADE DE TECNOLOGIA DE MAUÁ (FATEC MAUÁ),-23.6636053,-46.4601248,FATEC MAUÁ,www.fatecmaua.com.br,,Avenida Antônia Rosa Fioravanti - 804 - CEP: 09390-120 - Jardim Rosina,red
FACULDADE DE TECNOLOGIA DE MOCOCA (FATEC),-21.4831994,-47.0082631999999,FATEC,http://fatecmococa.edu.br,,Avenida Américo Pereira Lima - S/N - CEP: 13736-260 - Jardim Lavínia,red
FACULDADE DE TECNOLOGIA DE MOGI DAS CRUZES (FATEC-MC),-23.5079621,-46.1889046999999,FATEC-MC,www.fatecmogidascruzes.com.br,,Rua Carlos Baratino - 01 - CEP: 08773-600 - Vila Mogilar,red
FACULDADE DE TECNOLOGIA DE OSASCO - PREFEITO HIRANT SANAZAR (FATEC OSASCO),-23.5225422,-46.7582018,Fatec Osasco,,,Rua Pedro Rissatto - 30 - CEP: 06296-220 - Remédios,red
FACULDADE DE TECNOLOGIA DE OURINHOS (FATEC),-22.9507677,-49.8961666,FATEC,www.fatecourinhos.edu.br,,Avenida Vitalina Marcusso - 1400 - CEP: 19910-206 - Campus Universitário,red
FACULDADE DE TECNOLOGIA DE PINDAMONHANGABA (FATEC PI),-22.905199,-45.4145507,FATEC PI,www.fatecpindamonhangaba.edu.br,,Rodovia Abel Fabrício Dias - 4010 - CEP: 12455-010 - Água Preta,red
FACULDADE DE TECNOLOGIA DE PIRACICABA (FATEC PIRACICABA),-22.6927792,-47.6251879,Fatec Piracicaba,www.fatecpiracicaba.edu.br,,Rua Diácono Jair de Oliveira - 651 - CEP: 13414-155 - Santa Rosa,red
FACULDADE DE TECNOLOGIA DE POMPEIA - SHUNJI NISHIMURA (FATEC POMPEIA),-22.1098646,-50.1969503,FATEC Pompeia,www.fatecpompeia.edu.br,,Av. Fundação Shunji Nishimura e Tecnologia - 605 - CEP: 17580-000 - Distrito Industrial,red
FACULDADE DE TECNOLOGIA DE PRAIA GRANDE (FATECPG),-24.00513,-46.4121932,FATECPG,fatecpg.com.br,,Praça 19 de Janeiro - 144 - CEP: 11700-100 - Boqueirão,red
FACULDADE DE TECNOLOGIA DE PRESIDENTE PRUDENTE (FATEC),-22.1398975,-51.3840447,FATEC,www.fatecpp.edu.br,,Rua Teresina - 75 - CEP: 19046-230 - Vila Paulo Roberto,red
FACULDADE DE TECNOLOGIA DE SANTANA DE PARNAÍBA (FATEC-SPB),-23.4067888,-46.8780121,FATEC-SPB,,,Estrada Tenente Marques - s/n - CEP: 06529-001 - Jardim do Luar (Fazendinha),red
FACULDADE DE TECNOLOGIA DE SÃO BERNARDO DO CAMPO (FATEC-SB),-23.6956191,-46.5469041,FATEC-SB,www.fatecsbc.edu.br,,Avenida Pereira Barreto - 400 - CEP: 09751-000 - Vila Baeta Neves,red
FACULDADE DE TECNOLOGIA DE SÃO CAETANO DO SUL (FATEC SCS),-23.6377431,-46.5788834,FATEC SCS,www.fatecsaocaetano.edu.br,,Rua Bell Aliance - 225 - CEP: 09581-420 - Jardim São Caetano,red
FACULDADE DE TECNOLOGIA DE SÃO CARLOS (FATEC SÃO CARLO),-22.001371,-47.8795665,FATEC São Carlo,www.fatecsaocarlos.edu.br,,Rua Marechal Deodoro - 3183 - CEP: 13560-201 - Chácara Parollo,red
FACULDADE DE TECNOLOGIA DE SÃO JOSÉ DO RIO PRETO (FATECRP),-20.7935959,-49.3998421999999,FATECRP,www.fatecriopreto.edu.br,,Rua Fernandópolis - 2510 - CEP: 15043-020 - Eldorado,red
FACULDADE DE TECNOLOGIA DE SÃO JOSÉ DOS CAMPOS - JESSEN VIDAL (FATECSJCAMPOS),-23.1621987,-45.7952995,FATECSJCAMPOS,www.fatecsjc.edu.br,,Av. Cesare Mansueto Giulio Lattes - s/n - CEP: 12247-014 - Eugênio de Melo,red
FACULDADE DE TECNOLOGIA DE SÃO PAULO (FATEC-SP),-23.5295777,-46.6325629,FATEC-SP,www.fatecsp.br,,Praça Coronel Fernando Prestes - 30 - CEP: 01124-060 - BOM RETIRO,red
FACULDADE DE TECNOLOGIA DE SÃO ROQUE (FATEC-SR),-23.5329421,-47.1340382,FATEC-SR,http://www.fatecsaoroque.edu.br,,Rua Marechal Deodoro da Fonseca - 132 - CEP: 18130-070 - Centro,red
FACULDADE DE TECNOLOGIA DE SÃO SEBASTIÃO (FATEC SS),-23.6956191,-46.5469041,Fatec SS,www.fatecsaosebastiao.edu.br,,Rua Ítalo Nascimento - 366 - CEP: 11600-970 - Porto Grande,red
FACULDADE DE TECNOLOGIA DE SERTÃOZINHO (FATEC SERTÃOZINHO),-21.1409734,-48.0003332,FATEC SERTÃOZINHO,www.fatecsertaozinho.edu.br,,Rua Jordão Borghetti - 480 - CEP: 14160-000 - São João,red
FACULDADE DE TECNOLOGIA DE SOROCABA (FATEC SO),-23.4805389,-47.4259652,FATEC SO,www.fatecsorocaba.edu.br,,AVENIDA ENGENHEIRO CARLOS REINALDO MENDES - 2.015 - CEP: 18013-280 - ALTO DA BOA VISTA,red
FACULDADE DE TECNOLOGIA DE SUMARÉ (FATEC DE SUMARÉ),-22.8209131,-47.2656791,Fatec de Sumaré,www.fatecsumare.com.br,,Rua Ipiranga - 73 - CEP: 13170-026 - Centro,red
FACULDADE DE TECNOLOGIA DE TAQUARITINGA (FATEC/TQ),-21.430094,-48.515285,FATEC/TQ,www.fatectq.edu.br,,Avenida Doutor Flávio Henrique Lemos - 585 - CEP: 15900-000 - PORTAL ITAMARACÁ,red
FACULDADE DE TECNOLOGIA DE TATUÍ - PROF. WILSON ROBERTO RIBEIRO DE CAMARGO (FATEC TATUÍ),-23.3306028,-47.8681699,FATEC TATUÍ,www.fatectatui.edu.br,,ROD. MARIO BATISTA MORI - 971 - CEP: 18270-000 - JD AEROPORTO,red
FACULDADE DE TECNOLOGIA DE TAUBATÉ (FATEC TAUBATÉ),-23.0143224,-45.5379672,FATEC TAUBATÉ,www.fatectaubate.edu.br,,Avenida Tomé Portes Del Rei - 525 - CEP: 12070-610 - Vila São José,red
FACULDADE DE TECNOLOGIA DO IPIRANGA (FATECIPI),-23.6097112,-46.6078851,FATECIPI,www.fatecipiranga.edu.br,,Rua Frei João - 59 - CEP: 04280-130 - Vila Nair,red
FACULDADE DE TECNOLOGIA DOM AMAURY CASTANHO (FATEC ITU),-23.2903129,-47.2962655,Fatec Itu,www.fatecitu.edu.br,,Avenida Tiradentes - 1211 - CEP: 13309-640 - Jardim das Indústrias,red
FACULDADE DE TECNOLOGIA DO TATUAPÉ (FATEC-TT),-23.5372602,-46.5583322,FATEC-TT,www.fatectatuape.edu.br,,Rua Antônio de Barros - 800 - CEP: 03401-000 - Tatuapé,red
FACULDADE DE TECNOLOGIA DR. THOMAZ NOVELINO (FATEC FRANCA),-20.5149138,-47.4006943,FATEC Franca,www.fatecfranca.edu.br,,Rua Major Claudiano - 1488 - CEP: 14400-690 - Centro,red
FACULDADE DE TECNOLOGIA ESTUDANTE RAFAEL ALMEIDA CAMARINHA - MARILIA (FATEC MARILIA),-22.2082415,-49.9539781,Fatec Marilia,www.fatecmarilia.edu.br,,Avenida Castro Alves - 62 - CEP: 17506-000 - São Miguel,red
FACULDADE DE TECNOLOGIA - FATEC DE RIBEIRÃO PRETO,-21.1875179,-47.8336921,-,www.fatecrp.edu.br,,Avenida Pio XII - 1255 - CEP: 14030-250 - Vila Virgínia,red
FACULDADE DE TECNOLOGIA JORGE CARAM SABBAG (FATEC BEBEDOURO),-20.9555014,-48.4855072999999,FATEC Bebedouro,,,Rua Doutor Oscar Werneck - 1286 - CEP: 17701-120 - Centro,red
FACULDADE DE TECNOLOGIA NILO DE STÉFANI - JABOTICABAL (FATEC JBL),-21.2510065,-48.3064932,FATEC JBL,www.fatecjaboticabal.edu.br,,Avenida Eduardo Zambianchi - 31 - CEP: 14883-130 - Vila Industrial,red
FACULDADE DE TECNOLOGIA PROFESSOR ANTÔNIO SEABRA (FATEC LINS),-21.698322,-49.7502455,FATEC LINS,www.fateclins.edu.br,,Estrada Mário Covas Júnior - S/N - CEP: 16400-000 - Zona Rural,red
FACULDADE DE TECNOLOGIA RUBENS LARA (FATEC-BS),-23.6956191,-46.5469041,FATEC-BS,www.fatecrl.edu.br,,Avenida Bartolomeu de Gusmão 110 Fatec - Faculdade de Tecnólogia da Baixada Santista - 110 - CEP: 11045-908 - Aparecida,red
FACULDADE DE TECNOLOGIA SANTO ANDRÉ (FATEC-SA),-23.6598399,-46.5304346,FATEC-SA,www.fatecsantoandre.com.br,,Rua Prefeito Justino Paixão - 150 - CEP: 09020-130 - Centro,red
FACULDADE DE TECNOLOGIA SEBRAE (FATEC SEBRAE),-23.5329681,-46.6471934,FATEC SEBRAE,www.fatecsebrae.edu.br,,Alameda Nothmann - 598 - CEP: 01216-000 - Campos Elíseos,red
FACULDADE DE TECNOLOGIA ZONA LESTE (FATEC-ZL),-23.5215051,-46.4761905,FATEC-ZL,www.fateczl.edu.br,,Rua Sonho Gaúcho - 641 - CEP: 03685-000 - Cidade AE Carvalho,red
FACULDADE DE TECONOLOGIA DA ZONA SUL (FATEC ZONASUL),-23.6632222,-46.7290609,FATEC ZONASUL,www.fateczonasul.edu.br,,Rua Frederico Grotte - 322 - CEP: 05818-270 - Jardim Vergueiro,red
CENTRO DE EDUCAÇÃO TECNOLÓGICO DA FUNDAÇÃO INDAIATUBANA DE EDUCAÇÃO E CULTURA (FIEC),-23.0862175,-47.2028386,FMPFM,www.francomontoro.com.br,,Estrada da Cachoeira de Cima - s/n - CEP: 13840-000 - Centro,red
CENTRO DE INSTRUÇÃO DE AVIAÇÃO DO EXÉRCITO (CIAVEX),-23.044709,-45.5266678,-,www.fundec.edu.br/unifadra/,,AV. ALCIDES CHACON COUTO - 395 - CEP: 17900-000 - METROPOLE,red
"ESCOLA SUPERIOR DE CRUZEIRO ""PREFEITO HAMILTON VIEIRA MENDES"" (ESEFIC)",-22.567068,-44.9606094,FIRA,www.frea.edu.br,,Praça Prefeito Romeu Bretas - 163 - CEP: 18700-902 - CENTRO,red
FACULDADE DA FUNDAÇÃO EDUCACIONAL ARAÇATUBA (FAC-FEA),-21.195333,-50.4376124,FATECMM,http://www.fatecmm.edu.br,,Rua Ariovaldo Silveira Franco - 567 - CEP: 13801-005 - Jardim 31 de Março,red
FACULDADE DE DIREITO DE FRANCA (FDF),-20.536797,-47.3916155999999,-,www.fateccruzeiro.edu.br,,Rua Doutor Othon Barcelos - s/n - CEP: 12730-010 - Itagaçaba,red
FACULDADE DE MEDICINA DE MARÍLIA,-22.226786,-49.9367549,UFABC,www.ufabc.edu.br,,Avenida dos Estados - 5001 - CEP: 09210-580 - Santa Teresinha,red
FACULDADE DE MEDICINA DE SÃO JOSÉ DO RIO PRETO (FAMERP),-20.8275796,-49.3962249,UNIVESP,univesp.br,,"R Bela Cintra, Edifício Adélia Saliba - 847 - CEP: 01415-903 - Consolação",red
FUNDACAO DRACENENSE DE EDUCACAO E CULTURA,-21.4861825,-51.5280679,IESF,,,Rua Aldo Moretti - 181 - CEP: 13140-000 - Jardim Ouro Negro,red
UNIVERSIDADE DE TAUBATÉ (UNITAU),-23.0273646175953,-45.5626781899568,IFSP,www.ifsp.edu.br,,Rua Pedro Vicente - 625 - CEP: 01109-010 - Canindé,red
